{
    "timestamp": "2025-12-23 00:33:52.523702",
    "dataset_info": {
        "train_size": 1037340,
        "test_size": 259335,
        "fraud_rate": 0.005788651743883394
    },
    "best_model": "XGBoost",
    "models": {
        "XGBoost": {
            "metrics": {
                "Model": "XGBoost",
                "AUC": 0.9976269407507977,
                "Recall": 0.8250975292587777,
                "Precision": 0.9372230428360414,
                "F1": 0.8775933609958507,
                "MCC": 0.8787100791319594
            },
            "best_params": {
                "n_estimators": 437,
                "max_depth": 10,
                "learning_rate": 0.1205712628744377,
                "min_child_weight": 6,
                "subsample": 0.5780093202212182,
                "colsample_bytree": 0.5779972601681014,
                "gamma": 0.05808361216819946,
                "scale_pos_weight": 87
            }
        },
        "LightGBM": {
            "metrics": {
                "Model": "LightGBM",
                "AUC": 0.7555194056403479,
                "Recall": 0.517555266579974,
                "Precision": 0.268646641916976,
                "F1": 0.3536991779604532,
                "MCC": 0.36784193284376254
            },
            "best_params": {
                "n_estimators": 437,
                "num_leaves": 144,
                "learning_rate": 0.1205712628744377,
                "min_child_samples": 64,
                "subsample": 0.5780093202212182,
                "colsample_bytree": 0.5779972601681014
            }
        },
        "RandomForest": {
            "metrics": {
                "Model": "RandomForest",
                "AUC": 0.9955067177608568,
                "Recall": 0.7737321196358907,
                "Precision": 0.943695479777954,
                "F1": 0.8503036798856735,
                "MCC": 0.8537356922225527
            },
            "best_params": {
                "n_estimators": 250,
                "max_depth": 48,
                "min_samples_split": 15,
                "max_features": "sqrt",
                "class_weight": "balanced_subsample"
            }
        }
    }
}